name,rating,page_link,directors_avg_imdb,director_wins,director_nominations,actors_avg_imdb,actors_wins,actors_nominations
13,6,http://www.imdb.com/title/tt0798817/?ref_=ttls_li_tt,6.6667,9,3,7,2,12
1408,7,http://www.imdb.com/title/tt0450385/?ref_=ttls_li_tt,7,5,10,0,0,0
2 Fast 2 Furious,6,http://www.imdb.com/title/tt0322259/?ref_=ttls_li_tt,6.75,13,23,6.5,2,15
2012,6,http://www.imdb.com/title/tt1190080/?ref_=ttls_li_tt,5.75,16,16,7.3889,73,121
21,7,http://www.imdb.com/title/tt0478087/?ref_=ttls_li_tt,0,0,0,7.5,2,3
21 & Over,6,http://www.imdb.com/title/tt1711425/?ref_=ttls_li_tt,0,0,0,6.875,8,30
21 Jump Street,7,http://www.imdb.com/title/tt1232829/?ref_=ttls_li_tt,7.5,15,12,7.375,14,82
28 Days Later...,8,http://www.imdb.com/title/tt0289043/?ref_=ttls_li_tt,0,0,0,8,7,13
28 Weeks Later,7,http://www.imdb.com/title/tt0463854/?ref_=ttls_li_tt,6.5,13,7,7,13,22
3 Men and a Baby,6,http://www.imdb.com/title/tt0094137/?ref_=ttls_li_tt,7,9,18,7,9,18
30 Days of Night,7,http://www.imdb.com/title/tt0389722/?ref_=ttls_li_tt,0,0,0,8,3,12
300: Rise of an Empire,6,http://www.imdb.com/title/tt1253863/?ref_=ttls_li_tt,6,2,7,0,0,0
42,8,http://www.imdb.com/title/tt0453562/?ref_=ttls_li_tt,8,31,21,7.5,5,23
50/50,8,http://www.imdb.com/title/tt1306980/?ref_=ttls_li_tt,7,6,6,0,0,0
8 Mile,7,http://www.imdb.com/title/tt0298203/?ref_=ttls_li_tt,0,0,0,6.77776667,48,95
9,7,http://www.imdb.com/title/tt0472033/?ref_=ttls_li_tt,0,0,0,6.5,3,3
A Bronx Tale,8,http://www.imdb.com/title/tt0106489/?ref_=ttls_li_tt,7.5,53,96,7.5,53,96
A Dark Truth,6,http://www.imdb.com/title/tt2083379/?ref_=ttls_li_tt,0,0,0,4,2,3
A Few Good Men,8,http://www.imdb.com/title/tt0104257/?ref_=ttls_li_tt,0,0,0,5.3333,13,28
A Good Day to Die Hard,5,http://www.imdb.com/title/tt1606378/?ref_=ttls_li_tt,0,0,0,7.25,8,10
A Late Quartet,7,http://www.imdb.com/title/tt1226240/?ref_=ttls_li_tt,0,0,0,7.5,16,55
A Nightmare on Elm Street,5,http://www.imdb.com/title/tt1179056/?ref_=ttls_li_tt,0,0,0,5.91665,12,14
A Resurrection,4,http://www.imdb.com/title/tt1817276/?ref_=ttls_li_tt,0,0,0,8,2,6
A Series of Unfortunate Events,7,http://www.imdb.com/title/tt0339291/?ref_=ttls_li_tt,0,0,0,6.6667,170,349
A Thousand Words,6,http://www.imdb.com/title/tt0763831/?ref_=ttls_li_tt,5.5,3,7,7.75,6,3
A Very Harold & Kumar 3D Christmas,6,http://www.imdb.com/title/tt1268799/?ref_=ttls_li_tt,7.5,2,4,8,23,57
After Earth,5,http://www.imdb.com/title/tt1815862/?ref_=ttls_li_tt,6.6667,13,38,6.25,8,20
Alex Cross,5,http://www.imdb.com/title/tt1712170/?ref_=ttls_li_tt,6,12,40,6.66666667,21,82
Alice in Wonderland,7,http://www.imdb.com/title/tt1014759/?ref_=ttls_li_tt,0,0,0,7.5,49,124
Alien,9,http://www.imdb.com/title/tt0078748/?ref_=ttls_li_tt,0,0,0,7.66665,26,27
Alien 3,6,http://www.imdb.com/title/tt0103644/?ref_=ttls_li_tt,0,0,0,7,10,16
Alien: Resurrection,6,http://www.imdb.com/title/tt0118583/?ref_=ttls_li_tt,7.6667,44,29,7.5,2,3
Almost Famous,8,http://www.imdb.com/title/tt0181875/?ref_=ttls_li_tt,0,0,0,6.5,20,53
American Beauty,8,http://www.imdb.com/title/tt0169547/?ref_=ttls_li_tt,0,0,0,7.125,68,139
American Graffiti,8,http://www.imdb.com/title/tt0069704/?ref_=ttls_li_tt,0,0,0,0,0,0
American History X,9,http://www.imdb.com/title/tt0120586/?ref_=ttls_li_tt,8.3333,6,9,7.6667,3,6
American Mary,6,http://www.imdb.com/title/tt1959332/?ref_=ttls_li_tt,5.25,10,8,6.3611,14,13
American Psycho,8,http://www.imdb.com/title/tt0144084/?ref_=ttls_li_tt,6.75,2,7,7,3,4
American Reunion,7,http://www.imdb.com/title/tt1605630/?ref_=ttls_li_tt,0,0,0,6.55553333,14,39
An Education,7,http://www.imdb.com/title/tt1174732/?ref_=ttls_li_tt,6.75,29,25,0,0,0
Anastasia,7,http://www.imdb.com/title/tt0118617/?ref_=ttls_li_tt,7,3,3,7.3333,11,30
Anchorman: The Legend of Ron Burgundy,7,http://www.imdb.com/title/tt0357413/?ref_=ttls_li_tt,7.25,23,30,6.83333333,58,221
Angels & Demons,7,http://www.imdb.com/title/tt0808151/?ref_=ttls_li_tt,0,0,0,7,4,5
Anna Karenina,7,http://www.imdb.com/title/tt1781769/?ref_=ttls_li_tt,7.3333,10,31,8,27,95
Annie Hall,8,http://www.imdb.com/title/tt0075686/?ref_=ttls_li_tt,0,0,0,0,0,0
Another Earth,7,http://www.imdb.com/title/tt1549572/?ref_=ttls_li_tt,7.3333,5,9,0,0,0
Antiviral,6,http://www.imdb.com/title/tt2099556/?ref_=ttls_li_tt,6.5,4,3,6,3,5
Any Day Now,8,http://www.imdb.com/title/tt2066176/?ref_=ttls_li_tt,7.5,11,3,7.04165,16,39
Apocalypse Now,9,http://www.imdb.com/title/tt0078788/?ref_=ttls_li_tt,0,0,0,8,30,33
Apocalypto,8,http://www.imdb.com/title/tt0472043/?ref_=ttls_li_tt,7.3333,41,39,7.41665,44,41
Armageddon,7,http://www.imdb.com/title/tt0120591/?ref_=ttls_li_tt,0,0,0,8,32,53
Arthur Christmas,7,http://www.imdb.com/title/tt1430607/?ref_=ttls_li_tt,0,0,0,7,23,53
Atlantis: The Lost Empire,7,http://www.imdb.com/title/tt0230011/?ref_=ttls_li_tt,0,0,0,7.75,9,19
Atlas Shrugged II: The Strike,5,http://www.imdb.com/title/tt1985017/?ref_=ttls_li_tt,7.3333,25,2,7.5,3,7
August Rush,8,http://www.imdb.com/title/tt0426931/?ref_=ttls_li_tt,7.5,33,21,0,0,0
Austin Powers: International Man of Mystery,7,http://www.imdb.com/title/tt0118655/?ref_=ttls_li_tt,0,0,0,7.6667,5,5
Austin Powers: The Spy Who Shagged Me,7,http://www.imdb.com/title/tt0145660/?ref_=ttls_li_tt,0,0,0,6,6,10
Avatar,8,http://www.imdb.com/title/tt0499549/?ref_=ttls_li_tt,8.5,69,61,7.3889,44,123
AVP: Alien vs. Predator,6,http://www.imdb.com/title/tt0370263/?ref_=ttls_li_tt,0,0,0,6.6389,33,41
Babylon A.D.,6,http://www.imdb.com/title/tt0364970/?ref_=ttls_li_tt,7.6667,14,14,7,6,18
Back to the Future,9,http://www.imdb.com/title/tt0088763/?ref_=ttls_li_tt,8.3333,34,36,6,5,5
Bad Kids Go to Hell,5,http://www.imdb.com/title/tt1865573/?ref_=ttls_li_tt,7.6667,2,3,8,2,4
Bad Santa,7,http://www.imdb.com/title/tt0307987/?ref_=ttls_li_tt,7.6667,15,26,6.5,18,52
Bad Teacher,6,http://www.imdb.com/title/tt1284575/?ref_=ttls_li_tt,0,0,0,0,0,0
Basic Instinct,7,http://www.imdb.com/title/tt0103772/?ref_=ttls_li_tt,0,0,0,7,49,40
Batman Begins,8,http://www.imdb.com/title/tt0372784/?ref_=ttls_li_tt,0,0,0,7.33335,47,86
Battle Los Angeles,6,http://www.imdb.com/title/tt1217613/?ref_=ttls_li_tt,5.75,2,3,7,9,26
Battleship,6,http://www.imdb.com/title/tt1440129/?ref_=ttls_li_tt,7.25,3,19,6.75,9,16
Beasts of the Southern Wild,7,http://www.imdb.com/title/tt2125435/?ref_=ttls_li_tt,7.25,58,45,7.25,28,56
Beetlejuice,8,http://www.imdb.com/title/tt0094721/?ref_=ttls_li_tt,0,0,0,7.25,74,66
Before Midnight,8,http://www.imdb.com/title/tt2209418/?ref_=ttls_li_tt,0,0,0,7.6667,28,64
Beginners,7,http://www.imdb.com/title/tt1532503/?ref_=ttls_li_tt,6.5,6,19,7,19,24
Big Daddy,6,http://www.imdb.com/title/tt0142342/?ref_=ttls_li_tt,0,0,0,7,4,6
Big Fish,8,http://www.imdb.com/title/tt0319061/?ref_=ttls_li_tt,0,0,0,7.58335,36,59
Black Swan,8,http://www.imdb.com/title/tt0947798/?ref_=ttls_li_tt,7.6667,35,79,0,0,0
Blade,7,http://www.imdb.com/title/tt0120611/?ref_=ttls_li_tt,0,0,0,6.77776667,21,23
Blade Runner,8,http://www.imdb.com/title/tt0083658/?ref_=ttls_li_tt,0,0,0,7.25,3,6
Blade: Trinity,6,http://www.imdb.com/title/tt0359013/?ref_=ttls_li_tt,9,6,12,6.5,3,13
Blazing Saddles,8,http://www.imdb.com/title/tt0071230/?ref_=ttls_li_tt,0,0,0,7.75,5,10
Blitz,6,http://www.imdb.com/title/tt1297919/?ref_=ttls_li_tt,0,0,0,7.5,6,9
Blood Diamond,8,http://www.imdb.com/title/tt0450259/?ref_=ttls_li_tt,7,23,21,0,0,0
Bolt,7,http://www.imdb.com/title/tt0397892/?ref_=ttls_li_tt,7.54165,17,26,4.75,22,49
Boogie Nights,8,http://www.imdb.com/title/tt0118749/?ref_=ttls_li_tt,0,0,0,6.75,34,28
Brave,7,http://www.imdb.com/title/tt1217209/?ref_=ttls_li_tt,7.625,8,18,7.55553333,79,146
Bride Wars,6,http://www.imdb.com/title/tt0901476/?ref_=ttls_li_tt,0,0,0,7,20,53
Bridge to Terabithia,7,http://www.imdb.com/title/tt0398808/?ref_=ttls_li_tt,0,0,0,7.33335,11,45
Bring It On,6,http://www.imdb.com/title/tt0204946/?ref_=ttls_li_tt,6.3333,2,3,0,0,0
Broken City,6,http://www.imdb.com/title/tt1235522/?ref_=ttls_li_tt,0,0,0,7,19,32
Brothers,7,http://www.imdb.com/title/tt0765010/?ref_=ttls_li_tt,7.6667,30,47,0,0,0
Butter,6,http://www.imdb.com/title/tt1349451/?ref_=ttls_li_tt,0,0,0,6,3,9
Caddyshack,7,http://www.imdb.com/title/tt0080487/?ref_=ttls_li_tt,0,0,0,6.58335,11,11
Carnage,7,http://www.imdb.com/title/tt1692486/?ref_=ttls_li_tt,7.5,85,75,0,0,0
Carrie,6,http://www.imdb.com/title/tt1939659/?ref_=ttls_li_tt,7,15,13,0,0,0
Cars,7,http://www.imdb.com/title/tt0317219/?ref_=ttls_li_tt,7.5,3,6,7.58333333,55,127
Cashback,7,http://www.imdb.com/title/tt0460740/?ref_=ttls_li_tt,7.5,16,15,8,2,2
Casino Royale,8,http://www.imdb.com/title/tt0381061/?ref_=ttls_li_tt,6.6667,3,2,7.5,80,219
Cast Away,8,http://www.imdb.com/title/tt0162222/?ref_=ttls_li_tt,0,0,0,7,47,66
Catch and Release,6,http://www.imdb.com/title/tt0395495/?ref_=ttls_li_tt,6.3333,4,7,0,0,0
Charlie and the Chocolate Factory,7,http://www.imdb.com/title/tt0367594/?ref_=ttls_li_tt,0,0,0,7.375,15,32
Chasing Mavericks,7,http://www.imdb.com/title/tt1629757/?ref_=ttls_li_tt,7,71,44,7.3333,8,11
Cheaper by the Dozen,6,http://www.imdb.com/title/tt0349205/?ref_=ttls_li_tt,0,0,0,6.25,41,65
Cheaper by the Dozen 2,6,http://www.imdb.com/title/tt0452598/?ref_=ttls_li_tt,6.3333,3,4,0,0,0
Chernobyl Diaries,5,http://www.imdb.com/title/tt1991245/?ref_=ttls_li_tt,0,0,0,5.6667,7,13
Chicken Little,6,http://www.imdb.com/title/tt0371606/?ref_=ttls_li_tt,0,0,0,7,24,57
Chinese Zodiac,6,http://www.imdb.com/title/tt1424310/?ref_=ttls_li_tt,7,38,47,7,38,47
Chloe,6,http://www.imdb.com/title/tt1352824/?ref_=ttls_li_tt,7,58,74,0,0,0
Chronicle,7,http://www.imdb.com/title/tt1706593/?ref_=ttls_li_tt,0,0,0,6.75,21,41
Cleanskin,6,http://www.imdb.com/title/tt1598873/?ref_=ttls_li_tt,0,0,0,7,27,52
Close Encounters of the Third Kind,8,http://www.imdb.com/title/tt0075860/?ref_=ttls_li_tt,0,0,0,8,31,28
Cloud Atlas,8,http://www.imdb.com/title/tt1371111/?ref_=ttls_li_tt,8,34,54,5,42,80
Cloverfield,7,http://www.imdb.com/title/tt1060277/?ref_=ttls_li_tt,8,2,7,6.25,10,14
Coffee and Cigarettes,7,http://www.imdb.com/title/tt0379217/?ref_=ttls_li_tt,7.3333,30,46,7.25,60,48
Contagion,7,http://www.imdb.com/title/tt1598778/?ref_=ttls_li_tt,0,0,0,8,84,154
Contraband,7,http://www.imdb.com/title/tt1524137/?ref_=ttls_li_tt,7,34,27,7,13,53
Cop Out,6,http://www.imdb.com/title/tt1385867/?ref_=ttls_li_tt,0,0,0,6.6667,4,25
Coriolanus,6,http://www.imdb.com/title/tt1372686/?ref_=ttls_li_tt,8,36,102,8,36,102
Corpse Bride,7,http://www.imdb.com/title/tt0121164/?ref_=ttls_li_tt,7.5,3,3,0,0,0
Cosmopolis,5,http://www.imdb.com/title/tt1480656/?ref_=ttls_li_tt,7.3333,68,67,7.25,71,92
Couples Retreat,6,http://www.imdb.com/title/tt1078940/?ref_=ttls_li_tt,6.75,5,10,6.75,5,10
Crash,8,http://www.imdb.com/title/tt0375679/?ref_=ttls_li_tt,7.6667,49,50,7,76,110
Dark Shadows,6,http://www.imdb.com/title/tt1077368/?ref_=ttls_li_tt,7.5,21,71,6.75,24,47
Dawn of the Dead,7,http://www.imdb.com/title/tt0363547/?ref_=ttls_li_tt,0,0,0,6.83335,55,85
Daybreakers,7,http://www.imdb.com/title/tt0433362/?ref_=ttls_li_tt,6,4,17,0,0,0
Dazed and Confused,8,http://www.imdb.com/title/tt0106677/?ref_=ttls_li_tt,7.75,104,143,6,2,2
Dead Before Dawn 3D,5,http://www.imdb.com/title/tt1989485/?ref_=ttls_li_tt,6.3333,6,4,6.3333,2,3
Dead Man Down,7,http://www.imdb.com/title/tt2101341/?ref_=ttls_li_tt,7,16,17,0,0,0
Deadfall,6,http://www.imdb.com/title/tt1667310/?ref_=ttls_li_tt,6.75,15,9,7.3333,8,13
Death Proof,7,http://www.imdb.com/title/tt1028528/?ref_=ttls_li_tt,0,0,0,6.6667,5,9
Despicable Me,8,http://www.imdb.com/title/tt1323594/?ref_=ttls_li_tt,0,0,0,6.375,12,39
Despicable Me 2,7,http://www.imdb.com/title/tt1690953/?ref_=ttls_li_tt,0,0,0,7.66665,22,82
Devil,6,http://www.imdb.com/title/tt1314655/?ref_=ttls_li_tt,0,0,0,7,3,11
Diary of a Wimpy Kid,6,http://www.imdb.com/title/tt1196141/?ref_=ttls_li_tt,0,0,0,6.45835,6,8
Die Another Day,6,http://www.imdb.com/title/tt0246460/?ref_=ttls_li_tt,7,11,3,0,0,0
Die Hard,8,http://www.imdb.com/title/tt0095016/?ref_=ttls_li_tt,5.6667,6,5,7,3,5
Die Hard 2,7,http://www.imdb.com/title/tt0099423/?ref_=ttls_li_tt,6.3333,3,12,0,0,0
Disaster Movie,2,http://www.imdb.com/title/tt1213644/?ref_=ttls_li_tt,0,0,0,5.5,2,6
Disconnect,8,http://www.imdb.com/title/tt1433811/?ref_=ttls_li_tt,7.6667,9,4,0,0,0
Django Unchained,8,http://www.imdb.com/title/tt1853728/?ref_=ttls_li_tt,0,0,0,7,84,40
Dodgeball: A True Underdog Story,7,http://www.imdb.com/title/tt0364725/?ref_=ttls_li_tt,0,0,0,6.25,7,13
Doomsday,6,http://www.imdb.com/title/tt0483607/?ref_=ttls_li_tt,7,8,14,0,0,0
Drag Me to Hell,7,http://www.imdb.com/title/tt1127180/?ref_=ttls_li_tt,0,0,0,6.6667,3,8
Dredd,7,http://www.imdb.com/title/tt1343727/?ref_=ttls_li_tt,6.75,3,7,7.6667,13,44
Drive,8,http://www.imdb.com/title/tt0780504/?ref_=ttls_li_tt,6.5,28,49,7.75,126,293
Dumb and Dumber,7,http://www.imdb.com/title/tt0109686/?ref_=ttls_li_tt,5.83335,8,8,6.75,15,52
E.T. the Extra-Terrestrial,8,http://www.imdb.com/title/tt0083866/?ref_=ttls_li_tt,0,0,0,7.5,2,8
Eastern Promises,8,http://www.imdb.com/title/tt0765443/?ref_=ttls_li_tt,0,0,0,7.5,25,7
Eden,7,http://www.imdb.com/title/tt1734433/?ref_=ttls_li_tt,6.25,6,5,5.5,5,3
Elysium,7,http://www.imdb.com/title/tt1535108/?ref_=ttls_li_tt,7,12,35,0,0,0
End of Watch,8,http://www.imdb.com/title/tt1855199/?ref_=ttls_li_tt,0,0,0,7.3611,63,170
Enemy of the State,7,http://www.imdb.com/title/tt0120660/?ref_=ttls_li_tt,0,0,0,6.6667,25,34
Epic,7,http://www.imdb.com/title/tt0848537/?ref_=ttls_li_tt,7,6,7,6.25,50,115
Epic Movie,2,http://www.imdb.com/title/tt0799949/?ref_=ttls_li_tt,0,0,0,6.5,7,24
Eragon,5,http://www.imdb.com/title/tt0449010/?ref_=ttls_li_tt,5.5,6,17,0,0,0
Erased,6,http://www.imdb.com/title/tt1645155/?ref_=ttls_li_tt,6.75,2,7,0,0,0
EuroTrip,7,http://www.imdb.com/title/tt0356150/?ref_=ttls_li_tt,0,0,0,5.3333,5,10
Extremely Loud & Incredibly Close,7,http://www.imdb.com/title/tt0477302/?ref_=ttls_li_tt,7.75,37,42,0,0,0
Eyes Wide Shut,7,http://www.imdb.com/title/tt0120663/?ref_=ttls_li_tt,7.3333,20,42,7.3333,20,42
Fame,5,http://www.imdb.com/title/tt1016075/?ref_=ttls_li_tt,0,0,0,6.3333,12,42
Fantastic Four,6,http://www.imdb.com/title/tt0120667/?ref_=ttls_li_tt,0,0,0,6,2,4
Fantastic Mr. Fox,8,http://www.imdb.com/title/tt0432283/?ref_=ttls_li_tt,8,66,154,0,0,0
Fargo,8,http://www.imdb.com/title/tt0116282/?ref_=ttls_li_tt,0,0,0,8.5,37,66
Fast Five,7,http://www.imdb.com/title/tt1596343/?ref_=ttls_li_tt,7,3,6,6.75,16,57
Field of Dreams,8,http://www.imdb.com/title/tt0097351/?ref_=ttls_li_tt,7.25,11,11,0,0,0
Fight Club,9,http://www.imdb.com/title/tt0137523/?ref_=ttls_li_tt,8.25,62,112,7.875,113,231
Filly Brown,6,http://www.imdb.com/title/tt1869425/?ref_=ttls_li_tt,0,0,0,6.75,9,7
Final Destination,7,http://www.imdb.com/title/tt0195714/?ref_=ttls_li_tt,7,2,13,0,0,0
Finding Nemo,8,http://www.imdb.com/title/tt0266543/?ref_=ttls_li_tt,7.95835,52,91,7,117,109
Flight,7,http://www.imdb.com/title/tt1907668/?ref_=ttls_li_tt,0,0,0,7.1667,116,263
Flipped,8,http://www.imdb.com/title/tt0817177/?ref_=ttls_li_tt,0,0,0,7,3,4
"For a Good Time, Call...",6,http://www.imdb.com/title/tt1996264/?ref_=ttls_li_tt,7,12,4,0,0,0
Fracture,7,http://www.imdb.com/title/tt0488120/?ref_=ttls_li_tt,0,0,0,7.3333,13,39
Frankenweenie,7,http://www.imdb.com/title/tt1142977/?ref_=ttls_li_tt,0,0,0,7,18,50
Friday,7,http://www.imdb.com/title/tt0113118/?ref_=ttls_li_tt,0,0,0,7.25,15,37
Friday Night Lights,7,http://www.imdb.com/title/tt0390022/?ref_=ttls_li_tt,0,0,0,7,7,13
Fright Night,6,http://www.imdb.com/title/tt1438176/?ref_=ttls_li_tt,6.5,5,9,7.3333,25,27
From Paris with Love,7,http://www.imdb.com/title/tt1179034/?ref_=ttls_li_tt,0,0,0,6.75,7,4
Full Metal Jacket,8,http://www.imdb.com/title/tt0093058/?ref_=ttls_li_tt,8.25,38,57,7.375,12,14
Fun Size,5,http://www.imdb.com/title/tt1663143/?ref_=ttls_li_tt,0,0,0,6.25,3,16
G.I. Joe: The Rise of Cobra,6,http://www.imdb.com/title/tt1046173/?ref_=ttls_li_tt,0,0,0,6.33333333,37,100
Gambit,6,http://www.imdb.com/title/tt0404978/?ref_=ttls_li_tt,6.5,2,7,0,0,0
Gamer,6,http://www.imdb.com/title/tt1034032/?ref_=ttls_li_tt,0,0,0,0,0,0
Gangster Squad,7,http://www.imdb.com/title/tt1321870/?ref_=ttls_li_tt,0,0,0,8,72,105
Get Him to the Greek,6,http://www.imdb.com/title/tt1226229/?ref_=ttls_li_tt,6.6667,2,7,0,0,0
Get the Gringo,7,http://www.imdb.com/title/tt1567609/?ref_=ttls_li_tt,7.3333,41,39,7.41665,50,45
Ghostbusters,8,http://www.imdb.com/title/tt0087332/?ref_=ttls_li_tt,7,7,12,6.75,55,93
Gladiator,9,http://www.imdb.com/title/tt0172495/?ref_=ttls_li_tt,8.25,39,89,7.80556667,72,189
Godzilla,6,http://www.imdb.com/title/tt0831387/?ref_=ttls_li_tt,6,13,13,0,0,0
Gone,6,http://www.imdb.com/title/tt1838544/?ref_=ttls_li_tt,0,0,0,6.75,10,34
Good Will Hunting,8,http://www.imdb.com/title/tt0119217/?ref_=ttls_li_tt,0,0,0,7,64,83
Gran Torino,8,http://www.imdb.com/title/tt1205489/?ref_=ttls_li_tt,8,292,310,8,292,310
Grave Encounters 2,5,http://www.imdb.com/title/tt2231554/?ref_=ttls_li_tt,0,0,0,7.6667,2,4
Green Lantern,6,http://www.imdb.com/title/tt1133985/?ref_=ttls_li_tt,0,0,0,7.3333,14,33
Green Zone,7,http://www.imdb.com/title/tt0947810/?ref_=ttls_li_tt,0,0,0,7,3,15
Gremlins,7,http://www.imdb.com/title/tt0087363/?ref_=ttls_li_tt,6.75,14,11,0,0,0
Grown Ups,6,http://www.imdb.com/title/tt1375670/?ref_=ttls_li_tt,0,0,0,6.25,69,120
Guardians of the Galaxy,8,http://www.imdb.com/title/tt2015381/?ref_=ttls_li_tt,6,14,9,9,15,30
Hackers,6,http://www.imdb.com/title/tt0113243/?ref_=ttls_li_tt,6.75,3,2,0,0,0
Half Nelson,7,http://www.imdb.com/title/tt0468489/?ref_=ttls_li_tt,6,18,11,0,0,0
Hannibal Rising,6,http://www.imdb.com/title/tt0367959/?ref_=ttls_li_tt,6.6667,4,9,7.5,30,24
Hansel & Gretel: Witch Hunters,6,http://www.imdb.com/title/tt1428538/?ref_=ttls_li_tt,6.6667,7,5,6.875,4,17
Happy Feet Two,6,http://www.imdb.com/title/tt1402488/?ref_=ttls_li_tt,7.3333,70,55,7,7,39
Hard Candy,7,http://www.imdb.com/title/tt0424136/?ref_=ttls_li_tt,7.75,4,5,0,0,0
Harry Potter and the Deathly Hallows: Part 2,8,http://www.imdb.com/title/tt1201607/?ref_=ttls_li_tt,7,15,20,7,23,55
Harry Potter and the Prisoner of Azkaban,8,http://www.imdb.com/title/tt0304141/?ref_=ttls_li_tt,8,105,96,0,0,0
Heat,8,http://www.imdb.com/title/tt0113277/?ref_=ttls_li_tt,7.6667,17,36,6.6667,5,13
Hellboy II: The Golden Army,7,http://www.imdb.com/title/tt0411477/?ref_=ttls_li_tt,0,0,0,6.5,11,8
Hereafter,7,http://www.imdb.com/title/tt1212419/?ref_=ttls_li_tt,0,0,0,7.33335,28,35
Hick,6,http://www.imdb.com/title/tt1205558/?ref_=ttls_li_tt,6.6667,2,2,7.3333,2,9
Home Alone,8,http://www.imdb.com/title/tt0099785/?ref_=ttls_li_tt,0,0,0,7.66665,18,20
Hop,6,http://www.imdb.com/title/tt1411704/?ref_=ttls_li_tt,0,0,0,7,6,12
Horrible Bosses,7,http://www.imdb.com/title/tt1499658/?ref_=ttls_li_tt,0,0,0,8,2,5
Hot Tub Time Machine,6,http://www.imdb.com/title/tt1231587/?ref_=ttls_li_tt,0,0,0,5.5,2,12
House of Wax,5,http://www.imdb.com/title/tt0397065/?ref_=ttls_li_tt,0,0,0,5.75,8,24
How to Train Your Dragon,8,http://www.imdb.com/title/tt0892769/?ref_=ttls_li_tt,7.75,15,49,7.27776667,16,49
Hulk,6,http://www.imdb.com/title/tt0286716/?ref_=ttls_li_tt,0,0,0,7,9,7
I Am Legend,7,http://www.imdb.com/title/tt0480249/?ref_=ttls_li_tt,0,0,0,6.3333,10,9
I Spit on Your Grave,6,http://www.imdb.com/title/tt1242432/?ref_=ttls_li_tt,0,0,0,7,4,3
"I, Robot",7,http://www.imdb.com/title/tt0343818/?ref_=ttls_li_tt,0,0,0,7,7,19
Ice Age: Continental Drift,7,http://www.imdb.com/title/tt1667889/?ref_=ttls_li_tt,0,0,0,6.83333333,30,93
Identity,7,http://www.imdb.com/title/tt0309698/?ref_=ttls_li_tt,0,0,0,6.6667,2,7
Identity Thief,6,http://www.imdb.com/title/tt2024432/?ref_=ttls_li_tt,0,0,0,7,27,76
Idiocracy,7,http://www.imdb.com/title/tt0387808/?ref_=ttls_li_tt,0,0,0,7,3,36
Immortals,6,http://www.imdb.com/title/tt1253864/?ref_=ttls_li_tt,6.75,6,5,0,0,0
In Bruges,8,http://www.imdb.com/title/tt0780536/?ref_=ttls_li_tt,0,0,0,7.5,13,41
In the Loop,8,http://www.imdb.com/title/tt1226774/?ref_=ttls_li_tt,8.5,25,47,8.25,25,51
In Time,7,http://www.imdb.com/title/tt1637688/?ref_=ttls_li_tt,7.25,11,13,7,51,142
Inception,9,http://www.imdb.com/title/tt1375666/?ref_=ttls_li_tt,0,0,0,7.41665,63,131
Independence Day,7,http://www.imdb.com/title/tt0116629/?ref_=ttls_li_tt,0,0,0,6,7,3
Indiana Jones and the Last Crusade,8,http://www.imdb.com/title/tt0097576/?ref_=ttls_li_tt,0,0,0,7.5,37,28
Inglourious Basterds,8,http://www.imdb.com/title/tt0361748/?ref_=ttls_li_tt,7,26,18,7,39,34
Insidious,7,http://www.imdb.com/title/tt1591095/?ref_=ttls_li_tt,7.3333,14,11,0,0,0
Into the Blue,6,http://www.imdb.com/title/tt0378109/?ref_=ttls_li_tt,0,0,0,6,2,6
Iron Man,8,http://www.imdb.com/title/tt0371746/?ref_=ttls_li_tt,6.75,5,10,7.08333333,61,112
Iron Man 3,7,http://www.imdb.com/title/tt1300854/?ref_=ttls_li_tt,7.6667,4,12,0,0,0
Iron Sky,6,http://www.imdb.com/title/tt1034314/?ref_=ttls_li_tt,6.5,2,2,7.25,2,2
Jack and Jill,3,http://www.imdb.com/title/tt0810913/?ref_=ttls_li_tt,0,0,0,5.6667,5,14
Jack Reacher,7,http://www.imdb.com/title/tt0790724/?ref_=ttls_li_tt,7.3333,8,3,7.375,78,130
Jack the Giant Slayer,6,http://www.imdb.com/title/tt1351685/?ref_=ttls_li_tt,0,0,0,7.41665,33,69
Jackie Brown,8,http://www.imdb.com/title/tt0119396/?ref_=ttls_li_tt,0,0,0,7.08335,8,32
Java Heat,5,http://www.imdb.com/title/tt2083231/?ref_=ttls_li_tt,0,0,0,6,4,7
Jaws,8,http://www.imdb.com/title/tt0073195/?ref_=ttls_li_tt,0,0,0,7.72223333,21,28
Jay and Silent Bob Strike Back,7,http://www.imdb.com/title/tt0261392/?ref_=ttls_li_tt,7.25,28,46,7.25,28,46
John Carter,7,http://www.imdb.com/title/tt0401729/?ref_=ttls_li_tt,0,0,0,7.41665,54,61
John Dies at the End,6,http://www.imdb.com/title/tt1783732/?ref_=ttls_li_tt,6.5,9,12,0,0,0
Johnny English Reborn,6,http://www.imdb.com/title/tt1634122/?ref_=ttls_li_tt,0,0,0,6.3333,7,15
Jumper,6,http://www.imdb.com/title/tt0489099/?ref_=ttls_li_tt,7.5,2,7,0,0,0
Jurassic Park,8,http://www.imdb.com/title/tt0107290/?ref_=ttls_li_tt,7.75,183,186,7.52776667,33,106
Kick-Ass,8,http://www.imdb.com/title/tt1250777/?ref_=ttls_li_tt,8,5,18,6.875,68,105
Kids,7,http://www.imdb.com/title/tt0113540/?ref_=ttls_li_tt,6.6667,5,9,7.5,9,17
Kill Bill: Vol. 1,8,http://www.imdb.com/title/tt0266697/?ref_=ttls_li_tt,0,0,0,6.79165,13,24
Killer Joe,7,http://www.imdb.com/title/tt1726669/?ref_=ttls_li_tt,7,20,15,7.25,8,27
Killing Them Softly,6,http://www.imdb.com/title/tt1764234/?ref_=ttls_li_tt,7,7,10,7.75,22,55
Kindergarten Cop,6,http://www.imdb.com/title/tt0099938/?ref_=ttls_li_tt,0,0,0,7,2,6
Kung Fu Panda,8,http://www.imdb.com/title/tt0441773/?ref_=ttls_li_tt,7.83335,17,12,0,0,0
Kung Fu Panda 2,7,http://www.imdb.com/title/tt1302011/?ref_=ttls_li_tt,7.75,4,7,0,0,0
Labyrinth,7,http://www.imdb.com/title/tt0091369/?ref_=ttls_li_tt,7.75,36,31,7.5,16,23
Lakeview Terrace,6,http://www.imdb.com/title/tt0947802/?ref_=ttls_li_tt,5.75,13,13,0,0,0
Land of the Dead,6,http://www.imdb.com/title/tt0418819/?ref_=ttls_li_tt,6.6667,15,5,8,4,13
Lara Croft: Tomb Raider,6,http://www.imdb.com/title/tt0146316/?ref_=ttls_li_tt,0,0,0,7.3333,4,5
Lars and the Real Girl,7,http://www.imdb.com/title/tt0805564/?ref_=ttls_li_tt,0,0,0,6.6667,4,8
Lawless,7,http://www.imdb.com/title/tt1212450/?ref_=ttls_li_tt,7,4,10,7.25,10,37
Lay the Favorite,5,http://www.imdb.com/title/tt1132449/?ref_=ttls_li_tt,7.5,65,69,0,0,0
Layer Cake,7,http://www.imdb.com/title/tt0375912/?ref_=ttls_li_tt,0,0,0,7,4,20
Legion,5,http://www.imdb.com/title/tt1038686/?ref_=ttls_li_tt,0,0,0,6.75,10,28
LÃ©on: The Professional,9,http://www.imdb.com/title/tt0110413/?ref_=ttls_li_tt,7.5,27,25,7.75,38,72
Letters to Juliet,7,http://www.imdb.com/title/tt0892318/?ref_=ttls_li_tt,6.6667,6,3,6.5,46,73
Liberal Arts,7,http://www.imdb.com/title/tt1872818/?ref_=ttls_li_tt,6.6667,4,18,6.6667,4,18
Life of Pi,8,http://www.imdb.com/title/tt0454876/?ref_=ttls_li_tt,8,101,94,7.625,19,31
Like Minds,6,http://www.imdb.com/title/tt0425196/?ref_=ttls_li_tt,0,0,0,7.5,22,69
Lilo & Stitch,7,http://www.imdb.com/title/tt0275847/?ref_=ttls_li_tt,7.5,7,24,7.5,7,24
Limitless,7,http://www.imdb.com/title/tt1219289/?ref_=ttls_li_tt,7.25,4,5,6.375,12,30
Little Children,8,http://www.imdb.com/title/tt0404203/?ref_=ttls_li_tt,7.3333,20,42,7.3333,20,42
Little Fockers,6,http://www.imdb.com/title/tt0970866/?ref_=ttls_li_tt,6.5,2,9,0,0,0
Little Miss Sunshine,8,http://www.imdb.com/title/tt0449059/?ref_=ttls_li_tt,7.3333,21,22,7,12,20
Live Free or Die Hard,7,http://www.imdb.com/title/tt0337978/?ref_=ttls_li_tt,0,0,0,6.75,6,29
Looper,7,http://www.imdb.com/title/tt1276104/?ref_=ttls_li_tt,7.25,18,33,0,0,0
Lord of War,8,http://www.imdb.com/title/tt0399295/?ref_=ttls_li_tt,0,0,0,8,50,34
Lucky Number Slevin,8,http://www.imdb.com/title/tt0425210/?ref_=ttls_li_tt,6.75,7,11,7,48,86
Madagascar,7,http://www.imdb.com/title/tt0351283/?ref_=ttls_li_tt,0,0,0,7.6667,3,21
Magic Mike,6,http://www.imdb.com/title/tt1915581/?ref_=ttls_li_tt,7.25,29,79,6,3,6
Magnolia,8,http://www.imdb.com/title/tt0175880/?ref_=ttls_li_tt,0,0,0,8,15,18
Mama,6,http://www.imdb.com/title/tt2023587/?ref_=ttls_li_tt,6.75,10,2,7.5,76,108
Man of Steel,7,http://www.imdb.com/title/tt0770828/?ref_=ttls_li_tt,7.6667,3,12,7.16665,35,94
Man on a Ledge,7,http://www.imdb.com/title/tt1568338/?ref_=ttls_li_tt,7,13,35,7,13,35
Marley & Me,7,http://www.imdb.com/title/tt0822832/?ref_=ttls_li_tt,8.25,7,6,6.5,2,4
Mars Attacks!,6,http://www.imdb.com/title/tt0116996/?ref_=ttls_li_tt,0,0,0,6.3333,18,22
Mary and Max,8,http://www.imdb.com/title/tt0978762/?ref_=ttls_li_tt,7.5,36,7,0,0,0
Master and Commander: The Far Side of the World,7,http://www.imdb.com/title/tt0311113/?ref_=ttls_li_tt,0,0,0,7,9,10
"Me, Myself & Irene",7,http://www.imdb.com/title/tt0183505/?ref_=ttls_li_tt,0,0,0,7,38,125
Mean Girls,7,http://www.imdb.com/title/tt0377092/?ref_=ttls_li_tt,0,0,0,6.75,40,87
Meet the Robinsons,7,http://www.imdb.com/title/tt0396555/?ref_=ttls_li_tt,0,0,0,6.6667,30,59
Melancholia,7,http://www.imdb.com/title/tt1527186/?ref_=ttls_li_tt,7.75,96,97,7,14,32
Men in Black,7,http://www.imdb.com/title/tt0119654/?ref_=ttls_li_tt,0,0,0,7.3333,6,7
Men in Black 3,7,http://www.imdb.com/title/tt1409024/?ref_=ttls_li_tt,0,0,0,7.375,102,209
Men in Black II,6,http://www.imdb.com/title/tt0120912/?ref_=ttls_li_tt,0,0,0,6.6667,8,20
Million Dollar Baby,8,http://www.imdb.com/title/tt0405159/?ref_=ttls_li_tt,0,0,0,7,57,41
Minority Report,8,http://www.imdb.com/title/tt0181689/?ref_=ttls_li_tt,0,0,0,7.75,21,61
Mirror Mirror,6,http://www.imdb.com/title/tt1667353/?ref_=ttls_li_tt,0,0,0,6,4,6
Mission: Impossible II,6,http://www.imdb.com/title/tt0120755/?ref_=ttls_li_tt,7.75,19,15,0,0,0
Monsters vs. Aliens,7,http://www.imdb.com/title/tt0892782/?ref_=ttls_li_tt,0,0,0,6.5,60,116
"Monsters, Inc.",8,http://www.imdb.com/title/tt0198781/?ref_=ttls_li_tt,7.6667,6,16,0,0,0
Monty Python and the Holy Grail,8,http://www.imdb.com/title/tt0071853/?ref_=ttls_li_tt,8,3,5,8,10,18
Movie 43,4,http://www.imdb.com/title/tt1333125/?ref_=ttls_li_tt,6.25,15,37,7,13,35
Mrs. Doubtfire,7,http://www.imdb.com/title/tt0107614/?ref_=ttls_li_tt,0,0,0,7.5,43,78
Mud,7,http://www.imdb.com/title/tt1935179/?ref_=ttls_li_tt,7,22,32,6.75,53,90
Mulan,8,http://www.imdb.com/title/tt0120762/?ref_=ttls_li_tt,7.5,2,3,7,5,8
Mulholland Drive,8,http://www.imdb.com/title/tt0166924/?ref_=ttls_li_tt,7.75,49,61,6.5,2,2
My Girl,7,http://www.imdb.com/title/tt0102492/?ref_=ttls_li_tt,0,0,0,6.5,7,24
Napoleon Dynamite,7,http://www.imdb.com/title/tt0374900/?ref_=ttls_li_tt,0,0,0,6.3333,7,17
Network,8,http://www.imdb.com/title/tt0074958/?ref_=ttls_li_tt,8.5,35,48,0,0,0
Never Back Down,7,http://www.imdb.com/title/tt1023111/?ref_=ttls_li_tt,0,0,0,5.6667,2,2
Noah,6,http://www.imdb.com/title/tt1959490/?ref_=ttls_li_tt,0,0,0,7.3333,15,25
Not Another Teen Movie,6,http://www.imdb.com/title/tt0277371/?ref_=ttls_li_tt,0,0,0,6.5,5,12
Not Fade Away,6,http://www.imdb.com/title/tt1230215/?ref_=ttls_li_tt,0,0,0,6.75,11,7
Now You See Me,7,http://www.imdb.com/title/tt1670345/?ref_=ttls_li_tt,0,0,0,7.5,17,35
"O Brother, Where Art Thou?",8,http://www.imdb.com/title/tt0190590/?ref_=ttls_li_tt,0,0,0,7.5,24,43
Oblivion,7,http://www.imdb.com/title/tt1483013/?ref_=ttls_li_tt,0,0,0,7.3333,18,11
Old Boy,6,http://www.imdb.com/title/tt1321511/?ref_=ttls_li_tt,7.6667,45,73,7,11,32
Old School,7,http://www.imdb.com/title/tt0302886/?ref_=ttls_li_tt,0,0,0,7,9,4
Olympus Has Fallen,7,http://www.imdb.com/title/tt2302755/?ref_=ttls_li_tt,7,4,7,0,0,0
On the Road,6,http://www.imdb.com/title/tt0337692/?ref_=ttls_li_tt,0,0,0,6.75,7,10
Only God Forgives,6,http://www.imdb.com/title/tt1602613/?ref_=ttls_li_tt,0,0,0,6.625,28,48
Our Idiot Brother,6,http://www.imdb.com/title/tt1637706/?ref_=ttls_li_tt,6,2,4,0,0,0
Over the Hedge,7,http://www.imdb.com/title/tt0327084/?ref_=ttls_li_tt,7,8,9,8,17,46
Oz the Great and Powerful,6,http://www.imdb.com/title/tt1623205/?ref_=ttls_li_tt,7.3333,14,19,7.5,77,247
Pacific Rim,7,http://www.imdb.com/title/tt1663662/?ref_=ttls_li_tt,7,66,81,7.66665,11,34
Pain & Gain,6,http://www.imdb.com/title/tt1980209/?ref_=ttls_li_tt,0,0,0,7.5,6,30
Pandorum,7,http://www.imdb.com/title/tt1188729/?ref_=ttls_li_tt,6.5,6,3,7,12,32
ParaNorman,7,http://www.imdb.com/title/tt1623288/?ref_=ttls_li_tt,6.6667,2,13,7,3,23
Parental Guidance,6,http://www.imdb.com/title/tt1047540/?ref_=ttls_li_tt,0,0,0,7.25,83,147
Parker,6,http://www.imdb.com/title/tt1904996/?ref_=ttls_li_tt,7,13,13,4,25,66
Pawn,6,http://www.imdb.com/title/tt1551630/?ref_=ttls_li_tt,0,0,0,5.5,3,10
People Like Us,7,http://www.imdb.com/title/tt1716777/?ref_=ttls_li_tt,8,3,7,0,0,0
Percy Jackson & the Olympians: The Lightning Thief,6,http://www.imdb.com/title/tt0814255/?ref_=ttls_li_tt,0,0,0,7.16665,16,49
Percy Jackson: Sea of Monsters,6,http://www.imdb.com/title/tt1854564/?ref_=ttls_li_tt,0,0,0,6.6667,7,22
Perfect Sense,7,http://www.imdb.com/title/tt1439572/?ref_=ttls_li_tt,7.25,23,41,0,0,0
Pineapple Express,7,http://www.imdb.com/title/tt0910936/?ref_=ttls_li_tt,6.6667,14,35,0,0,0
Piranha 3D,6,http://www.imdb.com/title/tt0464154/?ref_=ttls_li_tt,6.5,2,11,0,0,0
Piranha 3DD,4,http://www.imdb.com/title/tt1714203/?ref_=ttls_li_tt,0,0,0,6.375,12,11
Pirate Radio,7,http://www.imdb.com/title/tt1131729/?ref_=ttls_li_tt,7.5,19,35,0,0,0
Pirates of the Caribbean: On Stranger Tides,7,http://www.imdb.com/title/tt1298650/?ref_=ttls_li_tt,6.5,14,21,7.375,126,237
Pirates of the Caribbean: The Curse of the Black Pearl,8,http://www.imdb.com/title/tt0325980/?ref_=ttls_li_tt,0,0,0,7.5,45,78
Planet Terror,7,http://www.imdb.com/title/tt1077258/?ref_=ttls_li_tt,0,0,0,7,12,17
Platoon,8,http://www.imdb.com/title/tt0091763/?ref_=ttls_li_tt,0,0,0,7.3333,6,8
Point Break,7,http://www.imdb.com/title/tt0102685/?ref_=ttls_li_tt,0,0,0,7,4,8
Police Academy,7,http://www.imdb.com/title/tt0087928/?ref_=ttls_li_tt,0,0,0,6.6667,3,2
Precious,7,http://www.imdb.com/title/tt0929632/?ref_=ttls_li_tt,0,0,0,7,26,39
Predators,6,http://www.imdb.com/title/tt1424381/?ref_=ttls_li_tt,7.3333,10,5,8.5,13,35
Premium Rush,7,http://www.imdb.com/title/tt1547234/?ref_=ttls_li_tt,7,3,9,0,0,0
Priest,6,http://www.imdb.com/title/tt0822847/?ref_=ttls_li_tt,0,0,0,7.5,6,21
Prometheus,7,http://www.imdb.com/title/tt1446714/?ref_=ttls_li_tt,0,0,0,7.6667,13,17
Promised Land,7,http://www.imdb.com/title/tt2091473/?ref_=ttls_li_tt,7,40,57,7.25,70,98
Psycho,5,http://www.imdb.com/title/tt0155975/?ref_=ttls_li_tt,0,0,0,6.5,8,11
Pulp Fiction,9,http://www.imdb.com/title/tt0110912/?ref_=ttls_li_tt,8,132,176,6.63886667,112,204
Puss in Boots,7,http://www.imdb.com/title/tt0448694/?ref_=ttls_li_tt,0,0,0,7.25,38,38
Quantum of Solace,7,http://www.imdb.com/title/tt0830515/?ref_=ttls_li_tt,7.75,6,14,7.33335,24,39
Quartet,7,http://www.imdb.com/title/tt1441951/?ref_=ttls_li_tt,7.6667,62,51,7.83335,80,70
Raiders of the Lost Ark,9,http://www.imdb.com/title/tt0082971/?ref_=ttls_li_tt,0,0,0,7,11,4
Rain Man,8,http://www.imdb.com/title/tt0095953/?ref_=ttls_li_tt,7,91,92,7.33335,127,105
Rambo,7,http://www.imdb.com/title/tt0462499/?ref_=ttls_li_tt,0,0,0,7,3,5
Ratatouille,8,http://www.imdb.com/title/tt0382932/?ref_=ttls_li_tt,8,11,5,0,0,0
Real Steel,7,http://www.imdb.com/title/tt0433035/?ref_=ttls_li_tt,7.6667,4,9,7.6667,6,41
RED,7,http://www.imdb.com/title/tt1245526/?ref_=ttls_li_tt,6.25,4,3,7,120,124
RED 2,7,http://www.imdb.com/title/tt1821694/?ref_=ttls_li_tt,0,0,0,7.6667,24,43
Red Dawn,5,http://www.imdb.com/title/tt1234719/?ref_=ttls_li_tt,7.6667,6,12,7,50,70
Red Dragon,7,http://www.imdb.com/title/tt0289765/?ref_=ttls_li_tt,7.375,41,108,8,36,102
Red Lights,6,http://www.imdb.com/title/tt1748179/?ref_=ttls_li_tt,6.75,11,11,0,0,0
Red Riding Hood,5,http://www.imdb.com/title/tt1486185/?ref_=ttls_li_tt,6,9,13,8,6,8
Red State,6,http://www.imdb.com/title/tt0873886/?ref_=ttls_li_tt,0,0,0,6.25,52,80
Reservoir Dogs,8,http://www.imdb.com/title/tt0105236/?ref_=ttls_li_tt,0,0,0,8,33,24
Resident Evil: Afterlife,6,http://www.imdb.com/title/tt1220634/?ref_=ttls_li_tt,0,0,0,0,0,0
Resident Evil: Apocalypse,6,http://www.imdb.com/title/tt0318627/?ref_=ttls_li_tt,0,0,0,7,2,4
Resident Evil: Extinction,6,http://www.imdb.com/title/tt0432021/?ref_=ttls_li_tt,6,3,5,0,0,0
Resident Evil: Retribution,5,http://www.imdb.com/title/tt1855325/?ref_=ttls_li_tt,6.3333,2,2,6,3,18
Rio,7,http://www.imdb.com/title/tt1436562/?ref_=ttls_li_tt,6.6667,2,12,6,5,27
Rise of the Guardians,7,http://www.imdb.com/title/tt1446192/?ref_=ttls_li_tt,6,3,5,7.375,48,105
Rise of the Planet of the Apes,8,http://www.imdb.com/title/tt1318514/?ref_=ttls_li_tt,7,2,7,7.5,37,54
Road to Perdition,8,http://www.imdb.com/title/tt0257044/?ref_=ttls_li_tt,0,0,0,7,4,9
Road Trip,7,http://www.imdb.com/title/tt0215129/?ref_=ttls_li_tt,0,0,0,6.5,3,7
Robin Hood,7,http://www.imdb.com/title/tt0955308/?ref_=ttls_li_tt,0,0,0,7.5,312,384
RoboCop,6,http://www.imdb.com/title/tt1234721/?ref_=ttls_li_tt,7.5,88,28,0,0,0
Robot & Frank,7,http://www.imdb.com/title/tt1990314/?ref_=ttls_li_tt,7.3333,2,2,6.6667,11,45
RocknRolla,7,http://www.imdb.com/title/tt1032755/?ref_=ttls_li_tt,0,0,0,7.6667,24,70
Rocky,8,http://www.imdb.com/title/tt0075148/?ref_=ttls_li_tt,5,5,6,6.5,10,13
Ronin,7,http://www.imdb.com/title/tt0122690/?ref_=ttls_li_tt,6.75,18,40,0,0,0
Rush Hour,7,http://www.imdb.com/title/tt0120812/?ref_=ttls_li_tt,0,0,0,6,2,2
Safe House,7,http://www.imdb.com/title/tt1599348/?ref_=ttls_li_tt,7,3,3,5,2,5
Salt,6,http://www.imdb.com/title/tt0944835/?ref_=ttls_li_tt,7.25,23,10,0,0,0
Savages,7,http://www.imdb.com/title/tt1615065/?ref_=ttls_li_tt,7.25,60,51,6.75,8,21
Save the Last Dance,6,http://www.imdb.com/title/tt0206275/?ref_=ttls_li_tt,0,0,0,6.52776667,36,74
Saving Private Ryan,9,http://www.imdb.com/title/tt0120815/?ref_=ttls_li_tt,0,0,0,8,125,292
Saw,8,http://www.imdb.com/title/tt0387564/?ref_=ttls_li_tt,0,0,0,6.66665,27,48
Say Anything...,7,http://www.imdb.com/title/tt0098258/?ref_=ttls_li_tt,0,0,0,8,3,23
Scarface,8,http://www.imdb.com/title/tt0086250/?ref_=ttls_li_tt,7,10,23,7,9,5
Scary Movie 3,6,http://www.imdb.com/title/tt0306047/?ref_=ttls_li_tt,0,0,0,6,2,5
Scary Movie 5,4,http://www.imdb.com/title/tt0795461/?ref_=ttls_li_tt,6.5,3,14,5.6667,4,12
Scent of a Woman,8,http://www.imdb.com/title/tt0105323/?ref_=ttls_li_tt,7.5,3,6,0,0,0
School of Rock,7,http://www.imdb.com/title/tt0332379/?ref_=ttls_li_tt,0,0,0,6.75,6,11
Scooby-Doo,5,http://www.imdb.com/title/tt0267913/?ref_=ttls_li_tt,0,0,0,6,32,56
Scream 4,6,http://www.imdb.com/title/tt1262416/?ref_=ttls_li_tt,6.75,10,6,5.83335,13,14
Se7en,9,http://www.imdb.com/title/tt0114369/?ref_=ttls_li_tt,0,0,0,8.5,55,85
Serenity,8,http://www.imdb.com/title/tt0379786/?ref_=ttls_li_tt,0,0,0,8.25,15,27
Seven Pounds,8,http://www.imdb.com/title/tt0814314/?ref_=ttls_li_tt,7,14,25,0,0,0
Seven Psychopaths,7,http://www.imdb.com/title/tt1931533/?ref_=ttls_li_tt,8,30,58,7.25,22,50
Shadow Dancer,6,http://www.imdb.com/title/tt1770734/?ref_=ttls_li_tt,7,25,25,0,0,0
Shame,7,http://www.imdb.com/title/tt1723811/?ref_=ttls_li_tt,7.5,83,86,7,2,8
Shaun of the Dead,8,http://www.imdb.com/title/tt0365748/?ref_=ttls_li_tt,7.6667,10,29,7,5,5
Sherlock Holmes: A Game of Shadows,8,http://www.imdb.com/title/tt1515091/?ref_=ttls_li_tt,0,0,0,7.25,6,13
Shrek,8,http://www.imdb.com/title/tt0126029/?ref_=ttls_li_tt,6.75,15,7,7.3333,29,72
Shrek 2,7,http://www.imdb.com/title/tt0298148/?ref_=ttls_li_tt,7,2,9,0,0,0
Shrek the Third,6,http://www.imdb.com/title/tt0413267/?ref_=ttls_li_tt,6.3333,2,5,0,0,0
Shutter Island,8,http://www.imdb.com/title/tt1130884/?ref_=ttls_li_tt,0,0,0,7.45835,32,122
Side Effects,7,http://www.imdb.com/title/tt2053463/?ref_=ttls_li_tt,0,0,0,6.5,17,59
Sightseers,7,http://www.imdb.com/title/tt2023690/?ref_=ttls_li_tt,6.5,7,20,6,12,16
Silent Hill,7,http://www.imdb.com/title/tt0384537/?ref_=ttls_li_tt,6.75,2,6,7.5,13,11
Silent Hill: Revelation,5,http://www.imdb.com/title/tt0938330/?ref_=ttls_li_tt,7.75,2,6,5.75,16,26
Sin City,8,http://www.imdb.com/title/tt0401792/?ref_=ttls_li_tt,6.125,29,32,7.5,59,75
Sin City: A Dame to Kill For,7,http://www.imdb.com/title/tt0458481/?ref_=ttls_li_tt,0,0,0,6.3333,15,40
Sinister,7,http://www.imdb.com/title/tt1922777/?ref_=ttls_li_tt,0,0,0,8,22,110
Skyfall,8,http://www.imdb.com/title/tt1074638/?ref_=ttls_li_tt,7.6667,39,28,7.625,120,130
Skyline,4,http://www.imdb.com/title/tt1564585/?ref_=ttls_li_tt,0,0,0,7.6667,2,14
Sleeping Beauty,5,http://www.imdb.com/title/tt1588398/?ref_=ttls_li_tt,7,4,22,6.6667,7,6
Sleepy Hollow,7,http://www.imdb.com/title/tt0162661/?ref_=ttls_li_tt,0,0,0,6.83335,36,75
Small Apartments,6,http://www.imdb.com/title/tt1272886/?ref_=ttls_li_tt,7.6667,8,8,7.25,14,29
Smashed,7,http://www.imdb.com/title/tt2063781/?ref_=ttls_li_tt,6.3333,4,7,7,21,29
Snatch,8,http://www.imdb.com/title/tt0208092/?ref_=ttls_li_tt,8,8,10,8.5,46,68
Snitch,7,http://www.imdb.com/title/tt0882977/?ref_=ttls_li_tt,0,0,0,7.25,53,77
Snow White and the Huntsman,6,http://www.imdb.com/title/tt1735898/?ref_=ttls_li_tt,0,0,0,6.3333,106,161
Snowpiercer,7,http://www.imdb.com/title/tt1706620/?ref_=ttls_li_tt,7.25,49,49,0,0,0
Source Code,8,http://www.imdb.com/title/tt0945513/?ref_=ttls_li_tt,0,0,0,7.5,18,77
Space Jam,6,http://www.imdb.com/title/tt0117705/?ref_=ttls_li_tt,7.3333,5,12,0,0,0
Spaceballs,7,http://www.imdb.com/title/tt0094012/?ref_=ttls_li_tt,7,46,60,7,46,60
Sparkle,6,http://www.imdb.com/title/tt1876451/?ref_=ttls_li_tt,7,2,9,7,5,11
Spider-Man,7,http://www.imdb.com/title/tt0145487/?ref_=ttls_li_tt,0,0,0,7.375,39,97
Spider-Man 2,7,http://www.imdb.com/title/tt0316654/?ref_=ttls_li_tt,0,0,0,7.25,11,50
Spider-Man 3,6,http://www.imdb.com/title/tt0413300/?ref_=ttls_li_tt,0,0,0,6.5,6,15
Spirited Away,9,http://www.imdb.com/title/tt0245429/?ref_=ttls_li_tt,8.04165,78,47,8,6,11
Spring Breakers,5,http://www.imdb.com/title/tt2101441/?ref_=ttls_li_tt,6,8,9,5.7222,50,65
Stand by Me,8,http://www.imdb.com/title/tt0092005/?ref_=ttls_li_tt,8,24,28,7.6111,21,15
Stand Up Guys,7,http://www.imdb.com/title/tt1389096/?ref_=ttls_li_tt,6,8,13,7.97223333,94,168
Star Trek,8,http://www.imdb.com/title/tt0796366/?ref_=ttls_li_tt,0,0,0,7.58333333,27,71
Star Wars: Episode I - The Phantom Menace,7,http://www.imdb.com/title/tt0120915/?ref_=ttls_li_tt,0,0,0,7.33333333,126,215
Star Wars: Episode III - Revenge of the Sith,8,http://www.imdb.com/title/tt0121766/?ref_=ttls_li_tt,0,0,0,7.25,9,19
Star Wars: Episode IV - A New Hope,9,http://www.imdb.com/title/tt0076759/?ref_=ttls_li_tt,8,54,37,7.75,58,70
Star Wars: Episode V - The Empire Strikes Back,9,http://www.imdb.com/title/tt0080684/?ref_=ttls_li_tt,7.25,5,3,0,0,0
Star Wars: Episode VI - Return of the Jedi,8,http://www.imdb.com/title/tt0086190/?ref_=ttls_li_tt,7.25,2,3,0,0,0
Star Wars: The Clone Wars,6,http://www.imdb.com/title/tt1185834/?ref_=ttls_li_tt,7.3333,2,3,7.5,8,26
Stargate,7,http://www.imdb.com/title/tt0111282/?ref_=ttls_li_tt,0,0,0,7.5,9,36
Starship Troopers,7,http://www.imdb.com/title/tt0120201/?ref_=ttls_li_tt,0,0,0,6.8333,7,9
State of Play,7,http://www.imdb.com/title/tt0473705/?ref_=ttls_li_tt,7,7,14,0,0,0
Step Brothers,7,http://www.imdb.com/title/tt0838283/?ref_=ttls_li_tt,0,0,0,7,21,21
Stepmom,7,http://www.imdb.com/title/tt0120686/?ref_=ttls_li_tt,0,0,0,7,59,96
Stoker,7,http://www.imdb.com/title/tt1682180/?ref_=ttls_li_tt,7.75,60,49,7.33335,84,188
Struck by Lightning,6,http://www.imdb.com/title/tt1791614/?ref_=ttls_li_tt,0,0,0,6,19,44
Sucker Punch,6,http://www.imdb.com/title/tt0978764/?ref_=ttls_li_tt,0,0,0,6.25,5,8
Super Troopers,7,http://www.imdb.com/title/tt0247745/?ref_=ttls_li_tt,6.25,3,6,6.25,3,6
Superbad,8,http://www.imdb.com/title/tt0829482/?ref_=ttls_li_tt,7.25,8,4,8,7,25
Superman,7,http://www.imdb.com/title/tt0078346/?ref_=ttls_li_tt,0,0,0,6,15,21
Superman II,7,http://www.imdb.com/title/tt0081573/?ref_=ttls_li_tt,6.6667,11,5,0,0,0
Superman Returns,6,http://www.imdb.com/title/tt0348150/?ref_=ttls_li_tt,0,0,0,6.875,9,16
Sweet Home Alabama,6,http://www.imdb.com/title/tt0256415/?ref_=ttls_li_tt,0,0,0,6,8,21
Tad: The Explorer,6,http://www.imdb.com/title/tt1764625/?ref_=ttls_li_tt,0,0,0,7.5,10,10
Take Shelter,7,http://www.imdb.com/title/tt1675192/?ref_=ttls_li_tt,0,0,0,0,0,0
Taken,8,http://www.imdb.com/title/tt0936501/?ref_=ttls_li_tt,0,0,0,6.75,5,7
Taken 2,6,http://www.imdb.com/title/tt1397280/?ref_=ttls_li_tt,5.75,2,2,0,0,0
Takers,6,http://www.imdb.com/title/tt1135084/?ref_=ttls_li_tt,0,0,0,5.5,6,36
Talladega Nights: The Ballad of Ricky Bobby,7,http://www.imdb.com/title/tt0415306/?ref_=ttls_li_tt,0,0,0,7,24,38
Ted,7,http://www.imdb.com/title/tt1637725/?ref_=ttls_li_tt,7,44,106,6.916675,77,228
Teenage Mutant Ninja Turtles,6,http://www.imdb.com/title/tt1291150/?ref_=ttls_li_tt,7.3333,20,20,7,14,54
Temptation: Confessions of a Marriage Counselor,5,http://www.imdb.com/title/tt2070862/?ref_=ttls_li_tt,6,12,40,6.6875,32,117
Terminator 3: Rise of the Machines,6,http://www.imdb.com/title/tt0181852/?ref_=ttls_li_tt,0,0,0,4,3,4
Terminator Salvation,7,http://www.imdb.com/title/tt0438488/?ref_=ttls_li_tt,0,0,0,7,8,14
Terms of Endearment,7,http://www.imdb.com/title/tt0086425/?ref_=ttls_li_tt,7.6667,48,74,7.04165,50,97
Thank You for Smoking,8,http://www.imdb.com/title/tt0427944/?ref_=ttls_li_tt,7,63,68,6.75,18,21
The A-Team,7,http://www.imdb.com/title/tt0429493/?ref_=ttls_li_tt,7,4,3,0,0,0
The ABCs of Death,5,http://www.imdb.com/title/tt1935896/?ref_=ttls_li_tt,6,5,5,0,0,0
The Amazing Spider-Man,7,http://www.imdb.com/title/tt0948470/?ref_=ttls_li_tt,0,0,0,6.75,3,7
The Amazing Spider-Man 2,7,http://www.imdb.com/title/tt1872181/?ref_=ttls_li_tt,7.75,6,6,7.66666667,120,270
The American,6,http://www.imdb.com/title/tt1440728/?ref_=ttls_li_tt,7.3333,17,15,5.5,2,8
The Amityville Horror,6,http://www.imdb.com/title/tt0384806/?ref_=ttls_li_tt,0,0,0,6.66665,6,14
The Apparition,4,http://www.imdb.com/title/tt1433822/?ref_=ttls_li_tt,0,0,0,5,4,2
The Avengers,8,http://www.imdb.com/title/tt0848228/?ref_=ttls_li_tt,7.75,25,43,7.6667,6,35
The Awakening,7,http://www.imdb.com/title/tt1687901/?ref_=ttls_li_tt,0,0,0,7.33335,32,47
The Bank Job,7,http://www.imdb.com/title/tt0200465/?ref_=ttls_li_tt,6.3333,5,6,0,0,0
The Baytown Outlaws,6,http://www.imdb.com/title/tt1836944/?ref_=ttls_li_tt,0,0,0,7.16665,11,38
The Best Exotic Marigold Hotel,7,http://www.imdb.com/title/tt1412386/?ref_=ttls_li_tt,7.3333,12,20,7.3333,46,95
The Big Lebowski,8,http://www.imdb.com/title/tt0118715/?ref_=ttls_li_tt,7.75,244,551,7.5,156,260
The Big Wedding,6,http://www.imdb.com/title/tt1931435/?ref_=ttls_li_tt,7.5,53,96,6.94443333,94,179
The Bling Ring,6,http://www.imdb.com/title/tt2132285/?ref_=ttls_li_tt,7,58,74,0,0,0
The Boondock Saints,8,http://www.imdb.com/title/tt0144117/?ref_=ttls_li_tt,0,0,0,7.3333,4,5
The Bourne Identity,8,http://www.imdb.com/title/tt0258463/?ref_=ttls_li_tt,0,0,0,7.83335,44,49
The Bourne Legacy,7,http://www.imdb.com/title/tt1194173/?ref_=ttls_li_tt,7.25,3,40,7.5,50,91
The Bourne Ultimatum,8,http://www.imdb.com/title/tt0440963/?ref_=ttls_li_tt,7.6667,35,66,6.75,43,74
The Breakfast Club,8,http://www.imdb.com/title/tt0088847/?ref_=ttls_li_tt,0,0,0,7.125,7,17
The Butterfly Effect,8,http://www.imdb.com/title/tt0289879/?ref_=ttls_li_tt,0,0,0,7.25,22,43
The Cabin in the Woods,7,http://www.imdb.com/title/tt1259521/?ref_=ttls_li_tt,7.3333,15,44,7,10,30
The Call,7,http://www.imdb.com/title/tt1911644/?ref_=ttls_li_tt,7.25,6,10,7,25,32
"The Chronicles of Narnia: The Lion, the Witch and the Wardrobe",7,http://www.imdb.com/title/tt0363771/?ref_=ttls_li_tt,7.25,7,22,6.83335,66,160
The Chronicles of Riddick,7,http://www.imdb.com/title/tt0296572/?ref_=ttls_li_tt,0,0,0,7,6,11
The Cloth,3,http://www.imdb.com/title/tt2088923/?ref_=ttls_li_tt,0,0,0,7.16665,17,20
The Company You Keep,6,http://www.imdb.com/title/tt1381404/?ref_=ttls_li_tt,7.25,76,96,7.25,80,109
The Crow,8,http://www.imdb.com/title/tt0109506/?ref_=ttls_li_tt,6.6667,6,7,0,0,0
The Da Vinci Code,7,http://www.imdb.com/title/tt0382625/?ref_=ttls_li_tt,0,0,0,7.5,10,20
The Dark Knight,9,http://www.imdb.com/title/tt0468569/?ref_=ttls_li_tt,0,0,0,7.41665,84,73
The Dark Knight Rises,8,http://www.imdb.com/title/tt1345836/?ref_=ttls_li_tt,0,0,0,7.41665,81,180
The Darkest Hour,5,http://www.imdb.com/title/tt1093357/?ref_=ttls_li_tt,0,0,0,6.3333,3,9
The Day After Tomorrow,6,http://www.imdb.com/title/tt0319262/?ref_=ttls_li_tt,0,0,0,7.5,8,21
The Day the Earth Stood Still,6,http://www.imdb.com/title/tt0970416/?ref_=ttls_li_tt,0,0,0,8,34,88
The Deer Hunter,8,http://www.imdb.com/title/tt0077416/?ref_=ttls_li_tt,7,14,12,0,0,0
The Departed,9,http://www.imdb.com/title/tt0407887/?ref_=ttls_li_tt,7.75,139,210,8.41665,183,309
The Descendants,7,http://www.imdb.com/title/tt1033575/?ref_=ttls_li_tt,7.33335,173,321,6.5,123,267
The Divide,6,http://www.imdb.com/title/tt1535616/?ref_=ttls_li_tt,0,0,0,6.5,3,9
The Dukes of Hazzard,5,http://www.imdb.com/title/tt0377818/?ref_=ttls_li_tt,6.25,3,6,5.5,10,16
The East,7,http://www.imdb.com/title/tt1869716/?ref_=ttls_li_tt,7,2,5,0,0,0
The Evil Dead,8,http://www.imdb.com/title/tt0083907/?ref_=ttls_li_tt,0,0,0,7.75,10,8
The Expendables,7,http://www.imdb.com/title/tt1320253/?ref_=ttls_li_tt,7.5,56,66,7.125,60,81
The Expendables 2,7,http://www.imdb.com/title/tt1764651/?ref_=ttls_li_tt,7.5,56,66,7.5,62,82
The Fast and the Furious: Tokyo Drift,6,http://www.imdb.com/title/tt0463985/?ref_=ttls_li_tt,0,0,0,6.33335,6,12
The Game,8,http://www.imdb.com/title/tt0119174/?ref_=ttls_li_tt,0,0,0,7,8,4
The Ghost Writer,7,http://www.imdb.com/title/tt1139328/?ref_=ttls_li_tt,0,0,0,7,5,13
The Girl with the Dragon Tattoo,8,http://www.imdb.com/title/tt1568346/?ref_=ttls_li_tt,0,0,0,7.41665,72,121
The Godfather: Part II,9,http://www.imdb.com/title/tt0071562/?ref_=ttls_li_tt,8.6667,51,48,7.6667,56,62
The Godfather: Part III,8,http://www.imdb.com/title/tt0099674/?ref_=ttls_li_tt,0,0,0,7,16,25
The Golden Compass,6,http://www.imdb.com/title/tt0385752/?ref_=ttls_li_tt,7,2,16,0,0,0
The Goonies,8,http://www.imdb.com/title/tt0089218/?ref_=ttls_li_tt,7,9,7,8,31,70
The Green Hornet,6,http://www.imdb.com/title/tt0990407/?ref_=ttls_li_tt,6.75,28,43,6.75,5,14
The Green Mile,9,http://www.imdb.com/title/tt0120689/?ref_=ttls_li_tt,0,0,0,7.66665,9,29
The Grey,7,http://www.imdb.com/title/tt1601913/?ref_=ttls_li_tt,0,0,0,6.5,7,9
The Guilt Trip,6,http://www.imdb.com/title/tt1694020/?ref_=ttls_li_tt,7.25,11,33,7.25,54,77
The Hangover,8,http://www.imdb.com/title/tt1119646/?ref_=ttls_li_tt,7,4,4,7.6667,28,68
The Hangover Part III,6,http://www.imdb.com/title/tt1951261/?ref_=ttls_li_tt,0,0,0,8,4,11
The Haunting in Connecticut,6,http://www.imdb.com/title/tt0492044/?ref_=ttls_li_tt,0,0,0,7,8,14
The Haunting in Connecticut 2: Ghosts of Georgia,5,http://www.imdb.com/title/tt1457765/?ref_=ttls_li_tt,0,0,0,6.86113333,9,20
The Heat,7,http://www.imdb.com/title/tt2404463/?ref_=ttls_li_tt,8,7,11,0,0,0
The Help,8,http://www.imdb.com/title/tt1454029/?ref_=ttls_li_tt,6.3333,12,17,7.25,115,162
The Hills Have Eyes,6,http://www.imdb.com/title/tt0454841/?ref_=ttls_li_tt,0,0,0,6.75,6,10
The Hobbit: An Unexpected Journey,8,http://www.imdb.com/title/tt0903624/?ref_=ttls_li_tt,0,0,0,7.625,13,40
The Human Centipede (First Sequence),4,http://www.imdb.com/title/tt1467304/?ref_=ttls_li_tt,4,2,2,5,3,2
The Hunger Games: Catching Fire,8,http://www.imdb.com/title/tt1951264/?ref_=ttls_li_tt,7.25,4,12,0,0,0
The Hurt Locker,8,http://www.imdb.com/title/tt0887912/?ref_=ttls_li_tt,7,82,58,7,3,10
The Ides of March,7,http://www.imdb.com/title/tt1124035/?ref_=ttls_li_tt,7,90,198,7.5,135,258
The Impossible,8,http://www.imdb.com/title/tt1649419/?ref_=ttls_li_tt,7.5,24,23,7.6667,67,100
The Incredible Hulk,7,http://www.imdb.com/title/tt0800080/?ref_=ttls_li_tt,0,0,0,6.5,31,44
The Incredibles,8,http://www.imdb.com/title/tt0317705/?ref_=ttls_li_tt,7.6667,32,28,7.08335,47,88
The Innkeepers,6,http://www.imdb.com/title/tt1594562/?ref_=ttls_li_tt,6,5,14,6.5,11,13
The Internship,6,http://www.imdb.com/title/tt2234155/?ref_=ttls_li_tt,0,0,0,6.6667,13,26
The Island,7,http://www.imdb.com/title/tt0399201/?ref_=ttls_li_tt,0,0,0,7.6667,16,20
The Italian Job,7,http://www.imdb.com/title/tt0317740/?ref_=ttls_li_tt,7,6,11,0,0,0
The Karate Kid,6,http://www.imdb.com/title/tt1155076/?ref_=ttls_li_tt,7,38,47,7,66,112
The Kids Are All Right,7,http://www.imdb.com/title/tt0842926/?ref_=ttls_li_tt,6.3333,17,44,0,0,0
The Last Castle,7,http://www.imdb.com/title/tt0272020/?ref_=ttls_li_tt,6.75,4,2,0,0,0
The Last House on the Left,7,http://www.imdb.com/title/tt0844708/?ref_=ttls_li_tt,6.3333,2,2,7,2,3
The Last Stand,6,http://www.imdb.com/title/tt1549920/?ref_=ttls_li_tt,7.25,33,20,6,56,53
The League of Extraordinary Gentlemen,6,http://www.imdb.com/title/tt0311429/?ref_=ttls_li_tt,0,0,0,6.3333,2,2
The Lion King,9,http://www.imdb.com/title/tt0110357/?ref_=ttls_li_tt,0,0,0,7.19443333,54,72
The Lone Ranger,7,http://www.imdb.com/title/tt1210819/?ref_=ttls_li_tt,6.6667,9,12,7.1667,12,28
The Lorax,6,http://www.imdb.com/title/tt1482459/?ref_=ttls_li_tt,0,0,0,6.66666667,72,124
The Lord of the Rings: The Fellowship of the Ring,9,http://www.imdb.com/title/tt0120737/?ref_=ttls_li_tt,8,137,130,7.83333333,102,127
The Lord of the Rings: The Two Towers,9,http://www.imdb.com/title/tt0167261/?ref_=ttls_li_tt,0,0,0,8.3333,32,93
The Lords of Salem,5,http://www.imdb.com/title/tt1731697/?ref_=ttls_li_tt,6,6,6,7.3333,8,7
The Lost Boys,7,http://www.imdb.com/title/tt0093437/?ref_=ttls_li_tt,6,9,9,6.94443333,39,39
The Lost World: Jurassic Park,7,http://www.imdb.com/title/tt0119567/?ref_=ttls_li_tt,0,0,0,8,4,13
The Lovely Bones,7,http://www.imdb.com/title/tt0380510/?ref_=ttls_li_tt,0,0,0,7.3333,50,115
The Lucky One,7,http://www.imdb.com/title/tt1327194/?ref_=ttls_li_tt,7.5,12,13,7,14,36
The Machinist,8,http://www.imdb.com/title/tt0361862/?ref_=ttls_li_tt,0,0,0,6.75,35,71
The Man from Earth,8,http://www.imdb.com/title/tt0756683/?ref_=ttls_li_tt,0,0,0,7.5,5,2
The Man with the Golden Gun,7,http://www.imdb.com/title/tt0071807/?ref_=ttls_li_tt,0,0,0,7.125,34,20
The Man with the Iron Fists,5,http://www.imdb.com/title/tt1258972/?ref_=ttls_li_tt,6.75,2,5,7.5,15,31
The Mask,7,http://www.imdb.com/title/tt0110475/?ref_=ttls_li_tt,0,0,0,7,3,3
The Master,7,http://www.imdb.com/title/tt1560747/?ref_=ttls_li_tt,7.3333,66,174,7.3333,154,293
The Matrix,9,http://www.imdb.com/title/tt0133093/?ref_=ttls_li_tt,7,11,23,7.33333333,41,90
The Maze Runner,7,http://www.imdb.com/title/tt1790864/?ref_=ttls_li_tt,0,0,0,6.5,4,15
The Men Who Stare at Goats,6,http://www.imdb.com/title/tt1234548/?ref_=ttls_li_tt,7,19,34,0,0,0
The Mist,7,http://www.imdb.com/title/tt0884328/?ref_=ttls_li_tt,0,0,0,5.5,15,39
The Mummy,7,http://www.imdb.com/title/tt0120616/?ref_=ttls_li_tt,0,0,0,6,8,11
The Muppets,7,http://www.imdb.com/title/tt1204342/?ref_=ttls_li_tt,7.5,2,18,0,0,0
The Natural,8,http://www.imdb.com/title/tt0087781/?ref_=ttls_li_tt,0,0,0,0,0,0
The NeverEnding Story,7,http://www.imdb.com/title/tt0088323/?ref_=ttls_li_tt,7.3333,10,8,0,0,0
The NeverEnding Story III,3,http://www.imdb.com/title/tt0110647/?ref_=ttls_li_tt,0,0,0,7.6667,2,3
The Nightmare Before Christmas,8,http://www.imdb.com/title/tt0107688/?ref_=ttls_li_tt,7.5,8,15,7.6667,69,98
The Ninth Gate,7,http://www.imdb.com/title/tt0142688/?ref_=ttls_li_tt,0,0,0,7,4,14
The Number 23,6,http://www.imdb.com/title/tt0481369/?ref_=ttls_li_tt,0,0,0,6.6667,27,23
The Numbers Station,6,http://www.imdb.com/title/tt1659338/?ref_=ttls_li_tt,6.3333,4,6,7.5,4,15
The Odd Life of Timothy Green,7,http://www.imdb.com/title/tt1462769/?ref_=ttls_li_tt,7,3,15,6.625,16,48
The Others,8,http://www.imdb.com/title/tt0230600/?ref_=ttls_li_tt,8,55,37,0,0,0
The Outsiders,7,http://www.imdb.com/title/tt0086066/?ref_=ttls_li_tt,0,0,0,6.875,24,29
The Paperboy,6,http://www.imdb.com/title/tt1496422/?ref_=ttls_li_tt,6.6667,29,28,0,0,0
The Parent Trap,7,http://www.imdb.com/title/tt0120783/?ref_=ttls_li_tt,7,6,5,6,3,3
The Passion of the Christ,7,http://www.imdb.com/title/tt0335345/?ref_=ttls_li_tt,0,0,0,7.5,6,12
The Patriot,7,http://www.imdb.com/title/tt0187393/?ref_=ttls_li_tt,0,0,0,6.6667,2,7
The Pirates! Band of Misfits,7,http://www.imdb.com/title/tt1430626/?ref_=ttls_li_tt,7.5,16,24,0,0,0
The Place Beyond the Pines,7,http://www.imdb.com/title/tt1817273/?ref_=ttls_li_tt,7.3333,9,14,6.5,2,15
The Polar Express,7,http://www.imdb.com/title/tt0338348/?ref_=ttls_li_tt,0,0,0,8,5,9
The Possession,6,http://www.imdb.com/title/tt0431021/?ref_=ttls_li_tt,6.75,15,14,5.5,3,3
The Prestige,9,http://www.imdb.com/title/tt0482571/?ref_=ttls_li_tt,8.5,124,187,7.75,104,221
The Purge,6,http://www.imdb.com/title/tt2184339/?ref_=ttls_li_tt,0,0,0,6.5,2,4
The Raid: Redemption,8,http://www.imdb.com/title/tt1899353/?ref_=ttls_li_tt,7.25,9,8,0,0,0
The Ring,7,http://www.imdb.com/title/tt0298130/?ref_=ttls_li_tt,0,0,0,7.5,11,23
The Rocky Horror Picture Show,7,http://www.imdb.com/title/tt0073629/?ref_=ttls_li_tt,0,0,0,6.6667,2,13
The Royal Tenenbaums,8,http://www.imdb.com/title/tt0265666/?ref_=ttls_li_tt,0,0,0,7.3333,38,60
The Sandlot,8,http://www.imdb.com/title/tt0108037/?ref_=ttls_li_tt,0,0,0,7.6667,2,2
The Secret Garden,7,http://www.imdb.com/title/tt0108071/?ref_=ttls_li_tt,7,21,30,0,0,0
The Shawshank Redemption,9,http://www.imdb.com/title/tt0111161/?ref_=ttls_li_tt,8.5,13,27,7.66665,97,115
The Shining,8,http://www.imdb.com/title/tt0081505/?ref_=ttls_li_tt,0,0,0,7,12,14
The Silence of the Lambs,9,http://www.imdb.com/title/tt0102926/?ref_=ttls_li_tt,8,28,34,7.41665,106,106
The Simpsons Movie,7,http://www.imdb.com/title/tt0462538/?ref_=ttls_li_tt,0,0,0,7,5,25
The Sisterhood of the Traveling Pants,7,http://www.imdb.com/title/tt0403508/?ref_=ttls_li_tt,6.75,2,10,7.3333,5,16
The Sixth Sense,8,http://www.imdb.com/title/tt0167404/?ref_=ttls_li_tt,0,0,0,7.75,25,29
The Smurfs,6,http://www.imdb.com/title/tt0472181/?ref_=ttls_li_tt,0,0,0,5.8333,28,50
The Speed of Thought,5,http://www.imdb.com/title/tt0847825/?ref_=ttls_li_tt,5.5,2,2,6.33335,5,8
The Story of Luke,7,http://www.imdb.com/title/tt1038693/?ref_=ttls_li_tt,0,0,0,7.16665,9,9
The Sweeney,6,http://www.imdb.com/title/tt0857190/?ref_=ttls_li_tt,0,0,0,6.6667,12,18
The Taking of Pelham 123,6,http://www.imdb.com/title/tt1111422/?ref_=ttls_li_tt,0,0,0,7.5,8,5
The Tall Man,6,http://www.imdb.com/title/tt1658837/?ref_=ttls_li_tt,6.25,4,5,6.6667,5,22
The Terminator,8,http://www.imdb.com/title/tt0088247/?ref_=ttls_li_tt,0,0,0,8,16,11
The Texas Chainsaw Massacre,6,http://www.imdb.com/title/tt0324216/?ref_=ttls_li_tt,0,0,0,7,2,2
The Thin Red Line,8,http://www.imdb.com/title/tt0120863/?ref_=ttls_li_tt,0,0,0,7.41665,15,43
The Thing,8,http://www.imdb.com/title/tt0084787/?ref_=ttls_li_tt,7.25,30,38,6.8889,52,82
The Thompsons,5,http://www.imdb.com/title/tt1831806/?ref_=ttls_li_tt,5,5,8,0,0,0
The Three Stooges,5,http://www.imdb.com/title/tt0383010/?ref_=ttls_li_tt,0,0,0,5.25,14,37
The Town,8,http://www.imdb.com/title/tt0840361/?ref_=ttls_li_tt,0,0,0,8,11,28
The Transporter,7,http://www.imdb.com/title/tt0293662/?ref_=ttls_li_tt,0,0,0,6.5,12,27
The Tree of Life,7,http://www.imdb.com/title/tt0478304/?ref_=ttls_li_tt,8,40,55,0,0,0
The Truman Show,8,http://www.imdb.com/title/tt0120382/?ref_=ttls_li_tt,7,34,59,7.625,65,141
The Usual Suspects,9,http://www.imdb.com/title/tt0114814/?ref_=ttls_li_tt,0,0,0,7.6667,6,5
The Village,7,http://www.imdb.com/title/tt0368447/?ref_=ttls_li_tt,0,0,0,6.6667,17,29
The Way Way Back,7,http://www.imdb.com/title/tt1727388/?ref_=ttls_li_tt,6.625,38,53,7.75,79,134
The Wolverine,7,http://www.imdb.com/title/tt1430132/?ref_=ttls_li_tt,7.3333,7,6,0,0,0
The Woman in Black,6,http://www.imdb.com/title/tt1596365/?ref_=ttls_li_tt,6.25,2,4,6.75,9,30
There Will Be Blood,8,http://www.imdb.com/title/tt0469494/?ref_=ttls_li_tt,0,0,0,7.33333333,172,126
This Is 40,6,http://www.imdb.com/title/tt1758830/?ref_=ttls_li_tt,6.6667,15,31,6.75,9,24
This Is the End,7,http://www.imdb.com/title/tt1245492/?ref_=ttls_li_tt,6.625,15,42,7.25,11,33
This Must Be the Place,7,http://www.imdb.com/title/tt1440345/?ref_=ttls_li_tt,0,0,0,8,6,17
Till We Meet Again,6,http://www.imdb.com/title/tt2461340/?ref_=ttls_li_tt,0,0,0,7,5,4
Tinker Tailor Soldier Spy,7,http://www.imdb.com/title/tt1340800/?ref_=ttls_li_tt,7,38,28,7.5,67,55
"Tomorrow, When the War Began",6,http://www.imdb.com/title/tt1456941/?ref_=ttls_li_tt,6,3,11,0,0,0
Total Recall,6,http://www.imdb.com/title/tt1386703/?ref_=ttls_li_tt,7.25,78,72,7,48,90
Tower Heist,6,http://www.imdb.com/title/tt0471042/?ref_=ttls_li_tt,0,0,0,8,65,51
Toy Story,8,http://www.imdb.com/title/tt0114709/?ref_=ttls_li_tt,7.6667,37,30,0,0,0
Toy Story 3,8,http://www.imdb.com/title/tt0435761/?ref_=ttls_li_tt,0,0,0,7,16,31
Trainspotting,8,http://www.imdb.com/title/tt0117951/?ref_=ttls_li_tt,0,0,0,7,3,2
Trance,7,http://www.imdb.com/title/tt1924429/?ref_=ttls_li_tt,7.5,83,83,7.625,18,59
Transformers,7,http://www.imdb.com/title/tt0418279/?ref_=ttls_li_tt,6.5,8,10,6.8333,18,62
TRON,7,http://www.imdb.com/title/tt0084827/?ref_=ttls_li_tt,0,0,0,7.25,5,3
TRON: Legacy,7,http://www.imdb.com/title/tt1104001/?ref_=ttls_li_tt,0,0,0,6.58335,8,17
Tropic Thunder,7,http://www.imdb.com/title/tt0942385/?ref_=ttls_li_tt,0,0,0,7.5,45,150
Trouble with the Curve,7,http://www.imdb.com/title/tt2083383/?ref_=ttls_li_tt,7,2,12,0,0,0
True Lies,7,http://www.imdb.com/title/tt0111503/?ref_=ttls_li_tt,0,0,0,5.5,5,3
True Romance,8,http://www.imdb.com/title/tt0108399/?ref_=ttls_li_tt,0,0,0,7.125,72,69
Tucker and Dale vs Evil,8,http://www.imdb.com/title/tt1465522/?ref_=ttls_li_tt,0,0,0,7.5,14,19
Twelve Monkeys,8,http://www.imdb.com/title/tt0114746/?ref_=ttls_li_tt,7.5,22,29,8,5,9
Twister,6,http://www.imdb.com/title/tt0117998/?ref_=ttls_li_tt,0,0,0,6.5,6,22
Underworld Awakening,6,http://www.imdb.com/title/tt1496025/?ref_=ttls_li_tt,6.75,3,3,6,3,12
Underworld: Evolution,7,http://www.imdb.com/title/tt0401855/?ref_=ttls_li_tt,0,0,0,5,2,9
Unforgiven,8,http://www.imdb.com/title/tt0105695/?ref_=ttls_li_tt,0,0,0,8,32,38
Unknown,7,http://www.imdb.com/title/tt1401152/?ref_=ttls_li_tt,0,0,0,7.3333,6,14
Unthinkable,7,http://www.imdb.com/title/tt0914863/?ref_=ttls_li_tt,7,5,8,8,14,31
Up,8,http://www.imdb.com/title/tt1049413/?ref_=ttls_li_tt,7.83335,46,94,0,0,0
Upstream Color,7,http://www.imdb.com/title/tt2084989/?ref_=ttls_li_tt,6.6667,12,56,6.666675,20,76
V for Vendetta,8,http://www.imdb.com/title/tt0434409/?ref_=ttls_li_tt,0,0,0,9,25,28
Valhalla Rising,6,http://www.imdb.com/title/tt0862467/?ref_=ttls_li_tt,0,0,0,8,27,34
Vamps,5,http://www.imdb.com/title/tt1545106/?ref_=ttls_li_tt,7,3,2,6.6667,15,16
Van Helsing,6,http://www.imdb.com/title/tt0338526/?ref_=ttls_li_tt,0,0,0,7,9,21
Wanted,7,http://www.imdb.com/title/tt0493464/?ref_=ttls_li_tt,7,5,11,7,54,106
War Horse,7,http://www.imdb.com/title/tt1568911/?ref_=ttls_li_tt,0,0,0,7.54165,37,67
War of the Worlds,7,http://www.imdb.com/title/tt0407304/?ref_=ttls_li_tt,0,0,0,7.5,17,27
WarGames,7,http://www.imdb.com/title/tt0086567/?ref_=ttls_li_tt,6.6667,3,7,7,4,12
Watchmen,8,http://www.imdb.com/title/tt0409459/?ref_=ttls_li_tt,0,0,0,7.16665,14,35
Waterworld,6,http://www.imdb.com/title/tt0114898/?ref_=ttls_li_tt,7,2,5,6,53,56
We Bought a Zoo,7,http://www.imdb.com/title/tt1389137/?ref_=ttls_li_tt,7,21,43,7,29,21
We Need to Talk About Kevin,8,http://www.imdb.com/title/tt1242460/?ref_=ttls_li_tt,0,0,0,7.5,11,16
Welcome to the Punch,6,http://www.imdb.com/title/tt1684233/?ref_=ttls_li_tt,6.25,2,3,7.6667,3,7
What a Girl Wants,6,http://www.imdb.com/title/tt0286788/?ref_=ttls_li_tt,0,0,0,6.6667,9,19
What Richard Did,6,http://www.imdb.com/title/tt2092011/?ref_=ttls_li_tt,7.25,24,26,6.75,6,4
When in Rome,6,http://www.imdb.com/title/tt1185416/?ref_=ttls_li_tt,0,0,0,7.5,12,34
Where the Wild Things Are,7,http://www.imdb.com/title/tt0386117/?ref_=ttls_li_tt,7.3333,60,111,6.3333,2,6
White Chicks,6,http://www.imdb.com/title/tt0381707/?ref_=ttls_li_tt,0,0,0,0,0,0
White House Down,6,http://www.imdb.com/title/tt2334879/?ref_=ttls_li_tt,0,0,0,7,20,42
Who Framed Roger Rabbit,8,http://www.imdb.com/title/tt0096438/?ref_=ttls_li_tt,0,0,0,6.3333,23,15
Wild Things,7,http://www.imdb.com/title/tt0120890/?ref_=ttls_li_tt,6.3333,6,9,0,0,0
Would You Rather,6,http://www.imdb.com/title/tt1999995/?ref_=ttls_li_tt,0,0,0,6.27776667,15,58
Wreck-It Ralph,8,http://www.imdb.com/title/tt1772341/?ref_=ttls_li_tt,8.5,20,12,7.25,20,60
Wrong Turn,6,http://www.imdb.com/title/tt0295700/?ref_=ttls_li_tt,0,0,0,7,3,4
Wrong Turn 5: Bloodlines,4,http://www.imdb.com/title/tt2375779/?ref_=ttls_li_tt,0,0,0,6.25,2,2
X-Men,7,http://www.imdb.com/title/tt0120903/?ref_=ttls_li_tt,7.5,14,23,7.3333,35,130
X-Men Origins: Wolverine,7,http://www.imdb.com/title/tt0458525/?ref_=ttls_li_tt,7,26,7,7.45835,29,79
X-Men: First Class,8,http://www.imdb.com/title/tt1270798/?ref_=ttls_li_tt,0,0,0,7.47223333,204,340
xXx,6,http://www.imdb.com/title/tt0295701/?ref_=ttls_li_tt,0,0,0,6.52776667,25,49
Young Frankenstein,8,http://www.imdb.com/title/tt0072431/?ref_=ttls_li_tt,0,0,0,7.5,3,11
Your Highness,6,http://www.imdb.com/title/tt1240982/?ref_=ttls_li_tt,0,0,0,7.25,2,14
Youth in Revolt,7,http://www.imdb.com/title/tt0403702/?ref_=ttls_li_tt,6.5,3,17,0,0,0
Zambezia,6,http://www.imdb.com/title/tt1488181/?ref_=ttls_li_tt,7,9,18,7,9,18
Zombieland,8,http://www.imdb.com/title/tt1156398/?ref_=ttls_li_tt,0,0,0,7.54165,43,138
